<launch>
    <let name="urdf_path" 
        value="$(find-pkg-share robot_description)/urdf/my_robotk.urdf.xacro" />
    
    <!-- <let name="rviz_config_path" 
         value="$(find-pkg-share robot_bringup)/rviz/urdf_config.rviz" /> -->

    <!-- <arg name="use_sim_time" default="true" />
    <arg name="gui" default="true" />
    <arg name="headless" default="false" /> -->

    <node pkg="robot_state_publisher" exec="robot_state_publisher">
        <param name="robot_description"
               value="$(command 'xacro $(var urdf_path)')" />
    </node>

    <include file="$(find-pkg-share gazebo_ros)/launch/gazebo.launch.py">
     <arg name="world" value="$(find-pkg-share robot_bringup)/worlds/simple_home.world" />
    </include>

    <node pkg="gazebo_ros" exec="spawn_entity.py"
          args="-topic robot_description -entity my_robot" />

    <!-- <node pkg="rviz2" exec="rviz2" output="screen"
          args="-d $(var rviz_config_path)" /> -->
</launch>